time,x,y
0.19742608070373535,0.0,0.0
0.2972090244293213,0.0,0.0
0.39719343185424805,0.0,0.0
0.4972355365753174,0.0,0.0
0.5972609519958496,0.0,0.0
0.6971549987792969,0.0,0.0
0.7971622943878174,0.0,0.0
0.8972189426422119,0.0,0.0
0.997084379196167,0.0010815310551596166,1.112142431397527e-05
1.097116231918335,0.0010838784117783093,1.1135132053306501e-05
1.1970956325531006,0.0010862257684120802,1.1148839956106248e-05
1.2983360290527344,0.0010885731250608738,1.1162548022024098e-05
1.3970751762390137,0.0010909204817247387,1.1176256251205074e-05
1.4974982738494873,0.0010932678384036262,1.1189964643636299e-05
1.5974397659301758,0.0010956151950975782,1.1203673199276517e-05
1.6976723670959473,0.0010979625518065528,1.1217381918398922e-05
1.7974278926849365,0.0011003099085306056,1.1231090800612014e-05
1.8971877098083496,0.0011024225295950887,1.12434289343481e-05
1.9971518516540527,0.0011047698863476743,1.1257138126728213e-05
2.0971226692199707,0.001107117243115352,1.1270847482698917e-05
2.197295904159546,0.0011094645998980315,1.128455700167102e-05
2.2971789836883545,0.0011118119566958032,1.1298266684102043e-05
2.3972206115722656,0.001114159313508556,1.1311976529690065e-05
2.4972732067108154,0.0011165066703364007,1.1325686538722764e-05
2.5972583293914795,0.0011188540271792474,1.1339396710843269e-05
2.6973111629486084,0.0011212013840371654,1.13531070464115e-05
2.7972054481506348,0.001123548740910113,1.1366817545175583e-05
2.8976099491119385,0.0011258960977980972,1.1380528207307128e-05
2.9972922801971436,0.0011282434547011458,1.139423903274965e-05
3.097447156906128,0.001130590811619224,1.1407950021412242e-05
3.197269916534424,0.0011329381685523457,1.1421661173439076e-05
3.297304391860962,0.0011352855255004832,1.1435372488724759e-05
3.397282600402832,0.0011376328824637058,1.1449083967343368e-05
3.497262716293335,0.0011399802394419511,1.1462795609290944e-05
3.5972776412963867,0.0011423275964352261,1.1476507414630546e-05
3.6972196102142334,0.0011446749534435516,1.1490219383072801e-05
3.7972006797790527,0.0011470223104669205,1.1503931514944381e-05
3.897244930267334,0.0011493696675053053,1.1517643810149244e-05
3.997255325317383,0.0011517170245587613,1.1531356268733353e-05
4.097305059432983,0.0011540643816272678,1.1545068890557533e-05
4.197333097457886,0.001156411738710783,1.1558781675748645e-05
4.297306060791016,0.0011587590958093766,1.1572494624175894e-05
4.397200584411621,0.0011611064529229928,1.1586207735877668e-05
4.49716591835022,0.0011634538100516664,1.159992101101211e-05
4.597073793411255,0.0015551902440086862,9.513137478275104e-06
4.697088003158569,0.002925941995075898,-6.295652727915033e-06
4.797063112258911,0.004296272572347826,-4.176726135043376e-05
4.897056579589844,0.004826726992256308,-5.6951761739123564e-05
4.997072219848633,0.004830153999048556,-5.739284022799121e-05
5.097095012664795,0.004833477120801108,-5.8130024967760485e-05
5.197096109390259,0.006108777764448348,-0.0005560815804898228
5.297058820724487,0.01128166800754423,-0.002778818621041998
5.397058486938477,0.018935599382902173,-0.007152113104627059
5.497045993804932,0.03749215243574668,-0.019689474230833705
5.597040891647339,0.05661413808256797,-0.035596840862391045
5.697052717208862,0.07419355503269595,-0.0534372196917113
5.797017574310303,0.09087301325625646,-0.07337573777694012
5.89707350730896,0.10589972479757878,-0.09458929166514335
5.997039794921875,0.11917649368341435,-0.116939919841344
6.097033262252808,0.1306176931003092,-0.14028357763077393
6.1970484256744385,0.1401496117055102,-0.16446985397096364
6.297054052352905,0.1477107507215638,-0.18934275036979034
6.397048234939575,0.15325243631924307,-0.21474190344629096
6.49704647064209,0.15673902537646403,-0.24050358041923722
6.597049951553345,0.1581481413854782,-0.26646173706081805
6.697080612182617,0.1574708075527786,-0.2924490958590231
6.797036647796631,0.15471149295082937,-0.3182982276139289
6.897027015686035,0.1498794447578967,-0.34397570374973013
6.997051477432251,0.1444226596884849,-0.36939934393868146
7.097057104110718,0.13909882442334084,-0.39381406556806864
7.197063684463501,0.13361034676735406,-0.41896730780942765
7.297083616256714,0.128066339845317,-0.44437172595377844
7.397040843963623,0.12252247051994897,-0.4697761759368237
7.497036695480347,0.11720564359207009,-0.4941512623409327
7.5970447063446045,0.11195274331637911,-0.5182185837908513
7.697041273117065,0.10669994800154457,-0.5422859294620513
7.797029972076416,0.10145243462625225,-0.5663637724028147
7.89703631401062,0.09629144408798482,-0.5904509550093838
7.997045993804932,0.09124450755283614,-0.6145623138654582
8.097047567367554,0.08631163481352797,-0.6386972716589644
8.197075366973877,0.08149291007036034,-0.662855283096423
8.297028541564941,0.07678842122453075,-0.6870358040641816
8.397045850753784,0.07219825833285828,-0.7112382912037142
8.49706220626831,0.0677225124384759,-0.7354622015989312
8.597055435180664,0.06336127468702797,-0.7597069925471358
8.697045803070068,0.05911463565941062,-0.7839721213923553
8.79703950881958,0.054982684868550645,-0.808257045405128
8.897022485733032,0.0509655103802943,-0.8325612216968304
8.997034072875977,0.04697524015689015,-0.8572722261586007
9.097024917602539,0.042579870836201364,-0.8829001293683387
9.197057723999023,0.03782208416023243,-0.9084632095485815
9.297040224075317,0.03270280927999838,-0.9339563493727818
9.397065162658691,0.027223045155123235,-0.959374429895908
9.49701714515686,0.021383868520850342,-0.9847123475964311
9.597077369689941,0.015441042972836482,-1.0089526988799538
9.697025775909424,0.009229180607760077,-1.0327902217022338
9.797027111053467,0.002680341500084853,-1.0565373653969221
9.897026062011719,-0.004204172645595406,-1.080189362594688
9.997014284133911,-0.011422989926289474,-1.1037414654618394
10.09701919555664,-0.01897466908721334,-1.1271889466117455
10.197014093399048,-0.026997949558843465,-1.1509407582112858
10.297014474868774,-0.035665732141931944,-1.1754554574207512
10.39701771736145,-0.04467977907825309,-1.199844940546145
10.497034788131714,-0.05403829990947713,-1.2241043175733268
10.597010135650635,-0.06373943603960439,-1.2482287159988044
10.697079420089722,-0.07336671140905959,-1.2712390161134552
10.797016859054565,-0.08320063932312378,-1.2938244460160944
10.897014379501343,-0.09352799552547032,-1.3166217505741553
10.997016906738281,-0.1047596830243125,-1.340072216955106
11.097035646438599,-0.11654165098424275,-1.3632510730021647
11.197233200073242,-0.12886738404691725,-1.386145388194924
11.297332048416138,-0.14173004804663863,-1.4087423912513888
11.397261381149292,-0.15512250291343954,-1.4310294777807273
11.497059106826782,-0.1676225399797923,-1.4508125993498187
11.597148418426514,-0.18200085463179727,-1.4724767468280686
11.697077989578247,-0.19632228957029318,-1.4930958513331067
11.797119140625,-0.21125003742327056,-1.5139125431121665
11.897112607955933,-0.22670022296131342,-1.5348262474232657
11.997073888778687,-0.2424469155779002,-1.5555155417666993
12.097082376480103,-0.2586158212354359,-1.5758800779421744
12.197073221206665,-0.2751195002598448,-1.5959497343413154
12.297099351882935,-0.29190724518982747,-1.615783266605455
12.397111654281616,-0.3089741722669324,-1.635377065298671
12.49710750579834,-0.32632259853571294,-1.654728169873977
12.597110509872437,-0.3440629195101908,-1.673714005021907
12.697160243988037,-0.36224644817399576,-1.6922757671096411
12.797112703323364,-0.3808631185799509,-1.7104030851308993
12.89707899093628,-0.3999025751659839,-1.7280858374036256
12.997066974639893,-0.4193542233921855,-1.7453141504709764
13.09709620475769,-0.4392072360394451,-1.762078404526666
13.197082996368408,-0.4594505595312404,-1.7783692387565742
13.297072649002075,-0.48007292030533527,-1.7941775565836862
13.397081136703491,-0.5010628312563573,-1.8094945308030224
13.49709415435791,-0.5224085982651161,-1.8243116085932456
13.597094297409058,-0.5440983268260408,-1.8386205163919478
13.697068929672241,-0.5661199287801256,-1.8524132646224667
13.797062873840332,-0.5884611291572585,-1.8656821522612101
13.897108793258667,-0.6111094731288106,-1.878419771235983
13.997087478637695,-0.6340523330688677,-1.8906190106474712
14.097049713134766,-0.657276915720503,-1.9022730608078366
14.1970853805542,-0.6807702694620603,-1.9133754170921144
14.297080993652344,-0.7045192916674369,-1.9239198835996836
14.397080421447754,-0.7285125806831911,-1.933982445448949
14.497066497802734,-0.7516314107439195,-1.943294655719017
14.597070693969727,-0.7745937211476409,-1.952166474979278
14.697101354598999,-0.797679473325215,-1.9607119830821702
14.797065734863281,-0.8208840290370578,-1.968929468610375
14.897076845169067,-0.8442027263964902,-1.9768172853950146
14.997052669525146,-0.8676308807524853,-1.9843738529967818
15.09707236289978,-0.8911637855901868,-1.9915976571510412
15.197087049484253,-0.914796713447148,-1.9984872501784865
15.297033309936523,-0.9385249168432388,-2.005041251363346
15.397057294845581,-0.9634139875815888,-2.0116138733322764
15.497093200683594,-0.988585895964267,-2.0181326014792385
15.597100257873535,-1.0137949066042709,-2.024538369386731
15.697096109390259,-1.0390036772632405,-2.030913035411561
15.79706072807312,-1.0642279400339834,-2.0373011728442076
15.897127866744995,-1.0893499968566178,-2.0439425862598255
15.997049808502197,-1.1143754321171564,-2.0509390690417373
16.097053289413452,-1.1392992389258587,-2.0582892614201023
16.197062969207764,-1.1637681902438466,-2.0658781521072807
16.29712724685669,-1.1872932082964744,-2.073533490010081
16.397034168243408,-1.2106863168654802,-2.081528992078967
16.497101068496704,-1.2339763962829449,-2.089871656432377
16.597086429595947,-1.2580581235441917,-2.098905229133309
16.697094440460205,-1.2822565297725779,-2.108373929193603
16.797049283981323,-1.306318397157959,-2.1181842957464134
16.897051572799683,-1.3302388964138567,-2.128334389277597
16.997090339660645,-1.3540132265165357,-2.138822196216483
17.097114324569702,-1.3776557845363544,-2.1496600572274183
17.197067975997925,-1.4007043008199662,-2.1608081590832793
17.297093391418457,-1.422605252264095,-2.172046489009798
17.39703941345215,-1.4442347559571038,-2.1837986339304294
17.497111558914185,-1.4655807714844287,-2.196058089897579
17.597036600112915,-1.4866313961862494,-2.2088180429205866
17.69702124595642,-1.5077498922264616,-2.2223090734321738
17.797074556350708,-1.5293606377766067,-2.2368464457804262
17.8971107006073,-1.5505750799935287,-2.2518805578571595
17.99705696105957,-1.5714286656832526,-2.2674113253960466
18.09704089164734,-1.5919097581359811,-2.283430110110869
18.19702410697937,-1.612006929912641,-2.299927997990568
18.297043561935425,-1.6317089682207027,-2.3168958047566592
18.397053241729736,-1.6510048809978433,-2.3343240816345485
18.49704337120056,-1.669138035404622,-2.351482372302389
18.597023725509644,-1.6869272847010777,-2.369157227472895
18.697115421295166,-1.7049109495298034,-2.3879200651897334
18.797056674957275,-1.7210611675403602,-2.405575617420293
18.89704132080078,-1.7363459010818834,-2.4231149225488267
18.997053384780884,-1.7512121280283375,-2.4410103429040033
19.09706211090088,-1.7670345960544056,-2.4610093760748684
19.197033643722534,-1.7826832692438423,-2.481774829638951
19.29703402519226,-1.7978370654061693,-2.502904150567335
19.39706778526306,-1.8124875452234739,-2.52438553804417
19.497071981430054,-1.826626550540618,-2.5462069956459703
19.597026824951172,-1.840246208406187,-2.56835633840266
19.69702672958374,-1.8533389350861933,-2.590821199790246
19.79704213142395,-1.8658974400342676,-2.613589038698599
19.89706015586853,-1.877914729801592,-2.6366471464057826
19.997052669525146,-1.8893691780761148,-2.6599855099205536
20.097049951553345,-1.9000977066175324,-2.683670340103079
20.19703459739685,-1.9100371169286334,-2.707697007471324
20.297057390213013,-1.9191767348076154,-2.7320391728314988
20.397019863128662,-1.9275065985996909,-2.756670206834772
20.497028589248657,-1.9347112330698426,-2.7805427611734035
20.59703826904297,-1.9410417573770893,-2.804348497152515
20.697023153305054,-1.946825482486358,-2.829428026117066
20.79702639579773,-1.9519114858023594,-2.8549547897012184
20.897086143493652,-1.956385306142484,-2.8805689370384715
20.997053384780884,-1.9602529798392174,-2.9062815955303765
21.097052335739136,-1.9635124092428866,-2.9320784285542447
21.197039365768433,-1.9661617631749577,-2.957945041032107
21.297053337097168,-1.9681996035855602,-2.9838669894153997
21.397042989730835,-1.9696248085487644,-3.0098298161616746
21.497045516967773,-1.970459710142285,-3.0358368911039273
21.59707260131836,-1.9711413202653512,-3.061830350588474
21.697041273117065,-1.9718229067457083,-3.0878238165528953
21.79706335067749,-1.9725044795207365,-3.1138172859986692
21.89702343940735,-1.9731733293145988,-3.1398295074614326
21.9970223903656,-1.973563769180935,-3.1658288051930636
22.097041845321655,-1.9735858343543546,-3.1918310104677983
22.1970157623291,-1.973239528124236,-3.2178309142608326
22.297065258026123,-1.9727127576565326,-3.2418386318366212
22.397029876708984,-1.9722834407632197,-3.265528718975483
22.497026681900024,-1.9717769588643381,-3.290157478599495
22.597052574157715,-1.9711542283618648,-3.3147835636224037
22.69708514213562,-1.9704152451663202,-3.339406435940341
22.79704451560974,-1.9695600246540397,-3.3640255459224115
22.89702343940735,-1.9685885848251985,-3.3886403441931003
22.997035264968872,-1.9675009464222644,-3.4132502816039434
23.09701442718506,-1.9662971329869219,-3.4378548092165855
23.19701838493347,-1.9648396323701673,-3.46354154302079
23.297017335891724,-1.963032410840183,-3.4891015692772833
23.397037506103516,-1.9609434283919254,-3.513646596629539
23.49703550338745,-1.9585070200997914,-3.5381595601479994
23.597017526626587,-1.9557236640217304,-3.5626355490657486
23.697009325027466,-1.9525939137418264,-3.5870696512855895
23.797039270401,-1.949118392975854,-3.61145696319867
23.89723038673401,-1.945297795647634,-3.635792590688164
23.997055530548096,-1.9411328858010202,-3.6600716501318478
24.097145318984985,-1.9366244974097009,-3.6842892693991858
24.197245121002197,-1.9317735341254607,-3.708440588841147
24.29714798927307,-1.9271144421546118,-3.730131090064683
24.39712429046631,-1.9216137801521822,-3.754142741643369
24.497063398361206,-1.916185946918097,-3.7773499247733597
24.597086668014526,-1.9151894900320299,-3.7822017741489984
24.69710111618042,-1.9151889644580096,-3.782204796149682
24.797130823135376,-1.91518819833221,-3.782229452981577
24.89706826210022,-1.9151882562663836,-3.7822328650227095
24.997092962265015,-1.9151885580465613,-3.7822363222390836
25.097102880477905,-1.9151891676668362,-3.7822397077942638
25.1970956325531,-1.9151900720850317,-3.78224298737889
25.297062873840332,-1.9151912541439842,-3.782246130732668
25.39707922935486,-1.9151926946200026,-3.7822491141374943
25.497135400772095,-1.9151943744303328,-3.782251920688151
25.59709143638611,-1.9151962765927975,-3.782254539384508
25.697037935256958,-1.9151983873623362,-3.782256963086595
25.797107458114624,-1.915200696117984,-3.782259185788756
25.897157907485962,-1.9152230162752422,-3.782269805755813
25.997058868408203,-1.9152256832391135,-3.782271592750705
26.09706974029541,-1.9152285187460625,-3.7822731524708613
26.19707155227661,-1.9155002348321266,-3.7823539093766367
26.29708218574524,-1.915515733576215,-3.7823581856536235
26.397093296051025,-1.9155181526435234,-3.782359015117226
26.497069358825684,-1.915520611015919,-3.7823597387984287
26.597078323364258,-1.9155231045984382,-3.7823603561157673
26.697131633758545,-1.915525627906189,-3.782360865373692
26.79706907272339,-1.9155281745734623,-3.782361265001544
26.89713430404663,-1.915530737483183,-3.7823615537230415
26.997153520584106,-1.9155333089271198,-3.7823617306989434
27.0971519947052,-1.915535880785221,-3.7823617956373377
27.19712543487549,-1.9156106978856486,-3.782362052649189
27.297096252441406,-1.9156133557620187,-3.78236195965603
27.39712905883789,-1.915615977151964,-3.7823618016805733
27.497116565704346,-1.9156185706065694,-3.7823615803624833
27.597108125686646,-1.915652420293945,-3.7823554462791864
27.697066068649292,-1.9156565817945004,-3.782354526176576
27.797086238861084,-1.9156591072651081,-3.782354171641929
27.8971426486969,-1.9156616073530977,-3.782353781360297
27.997068643569946,-1.9156640864725116,-3.782353355831227
28.097049951553345,-1.915666543170712,-3.782352896174573
28.197120189666748,-1.9156689798652478,-3.7823524028366258
28.297114610671997,-1.9156713946632689,-3.7823518768000874
28.397095918655396,-1.9156737892520295,-3.7823513183649524
28.497133493423462,-1.9156893336608505,-3.782349445190057
28.597118377685547,-1.9156915702961728,-3.7823488549942796
28.69720458984375,-1.9156937834636707,-3.7823483036072805
28.797157526016235,-1.9156959873229487,-3.7823477522895055
28.89716100692749,-1.9156981840326588,-3.7823472010253902
28.997196912765503,-1.9157003752509563,-3.782346649802988
29.097180366516113,-1.9157025622515238,-3.7823460986131305
29.19707489013672,-1.915704746012711,-3.7823455474487826
29.297099590301514,-1.9157069272860077,-3.782344996304535
29.397138595581055,-1.9157091066486427,-3.7823444451762405
29.497151613235474,-1.9157112845439928,-3.7823438940607175
29.59701704978943,-1.9157134613126205,-3.782343342955517
29.6970477104187,-1.915715637216112,-3.7823427918587607
29.79707384109497,-1.915731653279008,-3.78233903967101
29.897101879119873,-1.9158155638123533,-3.7823471693717265
29.997059106826782,-1.915904238453146,-3.782354115933666
30.097084999084473,-1.9159912207334986,-3.7823609913243947
30.197120666503906,-1.9160782545444952,-3.7823678891297154
30.297096490859985,-1.916166926183354,-3.78237487785309
30.397099018096924,-1.9162539054277574,-3.7823817945088605
30.49703288078308,-1.9163409362744153,-3.782388733688655
30.597058057785034,-1.916429604898973,-3.78239576456129
30.6970853805542,-1.9165165810954445,-3.7824027224702665
30.797061681747437,-1.9166036089658338,-3.782409703012573
30.897047758102417,-1.9166922745637456,-3.7824167760223215
30.997034549713135,-1.9167792477003112,-3.782423775172642
31.097055196762085,-1.9168662725825114,-3.7824307970654747
31.197032690048218,-1.9169549351414437,-3.782437912200163
31.297094345092773,-1.917041905206142,-3.7824449525799424
31.397067308425903,-1.917128927088244,-3.7824520158112938
31.497058629989624,-1.917217586595873,-3.7824591730587254
31.59704351425171,-1.9173045535767486,-3.782466254656054
31.69703507423401,-1.9173915724468513,-3.782473359213887
31.797045707702637,-1.9174802288908623,-3.7824805585618386
31.897061347961426,-1.917567192775973,-3.782487681364782
31.997087240219116,-1.9176542086221853,-3.782494827237042
32.097065925598145,-1.9177428619902726,-3.7825020686732644
32.19706964492798,-1.9178298227676849,-3.7825092326698675
32.29714846611023,-1.9178380484615274,-3.782509928983055
32.39727306365967,-1.9178380484615274,-3.782509928983055
32.49751806259155,-1.9178380484615274,-3.782509928983055
32.5975878238678,-1.9178380484615274,-3.782509928983055
32.697439670562744,-1.9178380484615274,-3.782509928983055
32.79732036590576,-1.9178380484615274,-3.782509928983055
32.897273778915405,-1.9178380484615274,-3.782509928983055
32.99726486206055,-1.9178380484615274,-3.782509928983055
33.09712314605713,-1.9178380484615274,-3.782509928983055
33.19728994369507,-1.9178380484615274,-3.782509928983055
33.297436237335205,-1.9178380484615274,-3.782509928983055
33.39741063117981,-1.9178380484615274,-3.782509928983055
33.49740195274353,-1.9178380484615274,-3.782509928983055
33.59758281707764,-1.9178380484615274,-3.782509928983055
33.697309494018555,-1.9178380484615274,-3.782509928983055
33.79754686355591,-1.9178380484615274,-3.782509928983055
33.89738178253174,-1.9178380484615274,-3.782509928983055
33.99749827384949,-1.9178380484615274,-3.782509928983055
34.0971839427948,-1.9178380484615274,-3.782509928983055
34.19711422920227,-1.9178380484615274,-3.782509928983055
34.29711675643921,-1.9178380484615274,-3.782509928983055
34.39711570739746,-1.9178380484615274,-3.782509928983055
34.497132301330566,-1.9178380484615274,-3.782509928983055
34.59711480140686,-1.9178380484615274,-3.782509928983055
34.69714641571045,-1.9178380484615274,-3.782509928983055
34.7974419593811,-1.9178380484615274,-3.782509928983055
34.897366762161255,-1.9178380484615274,-3.782509928983055
34.99737477302551,-1.9178380484615274,-3.782509928983055
35.09733986854553,-1.9178380484615274,-3.782509928983055
35.19745898246765,-1.9178380484615274,-3.782509928983055
